"Date","Price","Open","High","Low","Vol.","Change %"
"Mar 16, 2019","0.000075","0.000076","0.000077","0.000075","772.33K","-1.47%"
"Mar 15, 2019","0.000076","0.000077","0.000077","0.000076","567.91K","0.00%"
"Mar 14, 2019","0.000077","0.000074","0.000078","0.000073","1.58M","3.37%"
"Mar 13, 2019","0.000074","0.000073","0.000075","0.000073","1.27M","1.54%"
"Mar 12, 2019","0.000073","0.000072","0.000074","0.000071","970.91K","1.59%"
"Mar 11, 2019","0.000072","0.000072","0.000073","0.000070","950.14K","0.00%"
"Mar 10, 2019","0.000072","0.000071","0.000072","0.000071","407.47K","0.79%"
"Mar 09, 2019","0.000071","0.000071","0.000074","0.000071","969.79K","0.00%"
"Mar 08, 2019","0.000071","0.000072","0.000072","0.000070","1.03M","-0.89%"
"Mar 07, 2019","0.000072","0.000072","0.000073","0.000070","818.35K","0.00%"
"Mar 06, 2019","0.000072","0.000073","0.000073","0.000070","739.07K","0.00%"
"Mar 05, 2019","0.000073","0.000073","0.000075","0.000072","710.38K","-0.71%"
"Mar 04, 2019","0.000073","0.000074","0.000074","0.000072","949.23K","-1.72%"
"Mar 03, 2019","0.000075","0.000076","0.000077","0.000074","1.11M","-2.02%"
"Mar 02, 2019","0.000076","0.000077","0.000077","0.000075","477.03K","-1.07%"
"Mar 01, 2019","0.000077","0.000074","0.000078","0.000074","1.03M","3.59%"
"Feb 28, 2019","0.000074","0.000075","0.000075","0.000073","528.13K","0.00%"
"Feb 27, 2019","0.000075","0.000074","0.000075","0.000074","642.26K","0.00%"
"Feb 26, 2019","0.000074","0.000074","0.000075","0.000074","485.50K","0.00%"
"Feb 25, 2019","0.000074","0.000075","0.000075","0.000073","839.94K","0.00%"
"Feb 24, 2019","0.000075","0.000077","0.000078","0.000074","2.73M","-3.00%"
"Feb 23, 2019","0.000077","0.000075","0.000077","0.000075","909.19K","2.75%"
"Feb 22, 2019","0.000075","0.000076","0.000077","0.000074","1.63M","-0.83%"
"Feb 21, 2019","0.000076","0.000079","0.000079","0.000075","795.19K","-3.96%"
"Feb 20, 2019","0.000079","0.000078","0.000079","0.000077","878.91K","1.10%"
"Feb 19, 2019","0.000078","0.000078","0.000080","0.000076","2.27M","0.00%"
"Feb 18, 2019","0.000078","0.000076","0.000079","0.000074","1.44M","3.19%"
"Feb 17, 2019","0.000076","0.000076","0.000078","0.000075","1.26M","0.00%"
"Feb 16, 2019","0.000076","0.000075","0.000076","0.000074","480.18K","0.68%"
"Feb 15, 2019","0.000075","0.000074","0.000076","0.000073","1.16M","1.25%"
"Feb 14, 2019","0.000074","0.000075","0.000075","0.000073","500.74K","0.00%"
"Feb 13, 2019","0.000075","0.000075","0.000076","0.000074","343.47K","-0.76%"
"Feb 12, 2019","0.000075","0.000074","0.000076","0.000073","858.08K","2.21%"
"Feb 11, 2019","0.000074","0.000077","0.000077","0.000073","989.77K","-4.28%"
"Feb 10, 2019","0.000077","0.000076","0.000079","0.000075","680.60K","2.23%"
"Feb 09, 2019","0.000075","0.000076","0.000078","0.000074","507.17K","-1.04%"
"Feb 08, 2019","0.000076","0.000075","0.000077","0.000074","1.84M","1.67%"
"Feb 07, 2019","0.000075","0.000071","0.000076","0.000071","859.22K","5.18%"
"Feb 06, 2019","0.000071","0.000073","0.000073","0.000070","1.24M","-3.16%"
"Feb 05, 2019","0.000073","0.000074","0.000074","0.000073","564.97K","-0.80%"
"Feb 04, 2019","0.000074","0.000073","0.000075","0.000073","1.93M","1.27%"
"Feb 03, 2019","0.000073","0.000075","0.000075","0.000073","823.51K","-2.39%"
"Feb 02, 2019","0.000075","0.000074","0.000075","0.000072","1.30M","1.41%"
"Feb 01, 2019","0.000074","0.000074","0.000074","0.000072","1.07M","-0.78%"
"Jan 31, 2019","0.000074","0.000075","0.000079","0.000074","1.18M","-1.30%"
"Jan 30, 2019","0.000075","0.000074","0.000076","0.000073","610.08K","2.22%"
"Jan 29, 2019","0.000074","0.000074","0.000076","0.000073","1.11M","0.00%"
"Jan 28, 2019","0.000074","0.000076","0.000076","0.000072","2.61M","-2.34%"
"Jan 27, 2019","0.000076","0.000078","0.000079","0.000074","2.38M","-3.41%"
"Jan 26, 2019","0.000078","0.000080","0.000080","0.000078","1.57M","-1.57%"
"Jan 25, 2019","0.000080","0.000082","0.000082","0.000079","1.06M","-2.38%"
"Jan 24, 2019","0.000082","0.000083","0.000083","0.000081","1.83M","-1.21%"
"Jan 23, 2019","0.000083","0.000085","0.000085","0.000081","3.85M","-2.63%"
"Jan 22, 2019","0.000085","0.000085","0.000086","0.000083","1.78M","0.00%"
"Jan 21, 2019","0.000085","0.000083","0.000087","0.000083","928.87K","2.47%"
"Jan 20, 2019","0.000083","0.000084","0.000085","0.000082","1.03M","-1.48%"
"Jan 19, 2019","0.000084","0.000084","0.000086","0.000084","862.87K","0.00%"
"Jan 18, 2019","0.000084","0.000084","0.000086","0.000083","666.92K","0.00%"
"Jan 17, 2019","0.000084","0.000082","0.000088","0.000081","1.78M","3.44%"
"Jan 16, 2019","0.000082","0.000082","0.000084","0.000080","1.35M","-0.80%"
"Jan 15, 2019","0.000082","0.000082","0.000084","0.000078","1.43M","0.00%"
"Jan 14, 2019","0.000082","0.000080","0.000083","0.000076","5.11M","2.98%"
"Jan 13, 2019","0.000080","0.000085","0.000085","0.000080","1.16M","-5.25%"
"Jan 12, 2019","0.000085","0.000085","0.000085","0.000082","434.18K","-0.61%"
"Jan 11, 2019","0.000085","0.000085","0.000087","0.000084","731.52K","0.00%"
"Jan 10, 2019","0.000085","0.000091","0.000092","0.000080","3.22M","-7.40%"
"Jan 09, 2019","0.000091","0.000090","0.000092","0.000090","397.10K","1.71%"
"Jan 08, 2019","0.000090","0.000091","0.000092","0.000088","989.51K","-1.34%"
"Jan 07, 2019","0.000091","0.000093","0.000093","0.000090","652.25K","-2.04%"
"Jan 06, 2019","0.000093","0.000096","0.000096","0.000093","1.49M","-3.10%"
"Jan 05, 2019","0.000096","0.000097","0.000098","0.000096","687.76K","-0.97%"
"Jan 04, 2019","0.000097","0.000098","0.000101","0.000096","1.81M","-1.48%"
"Jan 03, 2019","0.000098","0.000099","0.000101","0.000096","1.34M","-1.16%"
"Jan 02, 2019","0.000100","0.000095","0.000100","0.000094","2.27M","4.98%"
"Jan 01, 2019","0.000095","0.000094","0.000096","0.000093","547.82K","0.72%"
"Dec 31, 2018","0.000094","0.000092","0.000096","0.000091","1.41M","1.83%"
"Dec 30, 2018","0.000092","0.000092","0.000093","0.000091","860.44K","0.00%"
"Dec 29, 2018","0.000092","0.000092","0.000093","0.000090","1.25M","0.00%"
"Dec 28, 2018","0.000092","0.000087","0.000093","0.000086","1.96M","6.70%"
"Dec 27, 2018","0.000087","0.000086","0.000088","0.000085","1.63M","0.58%"
"Dec 26, 2018","0.000086","0.000086","0.000089","0.000084","667.41K","0.00%"
"Dec 25, 2018","0.000086","0.000087","0.000087","0.000083","2.08M","-0.70%"
"Dec 24, 2018","0.000087","0.000091","0.000092","0.000086","2.37M","-3.97%"
"Dec 23, 2018","0.000091","0.000085","0.000094","0.000085","2.69M","6.02%"
"Dec 22, 2018","0.000085","0.000083","0.000087","0.000083","1.46M","2.63%"
"Dec 21, 2018","0.000083","0.000084","0.000086","0.000082","2.93M","-0.66%"
"Dec 20, 2018","0.000084","0.000074","0.000085","0.000074","6.01M","12.64%"
"Dec 19, 2018","0.000074","0.000078","0.000080","0.000074","5.47M","-4.84%"
"Dec 18, 2018","0.000078","0.000072","0.000078","0.000071","3.00M","8.89%"
"Dec 17, 2018","0.000072","0.000068","0.000073","0.000068","4.05M","5.04%"
"Dec 16, 2018","0.000068","0.000068","0.000070","0.000068","1.10M","0.93%"
"Dec 15, 2018","0.000068","0.000066","0.000069","0.000065","2.63M","3.01%"
"Dec 14, 2018","0.000066","0.000066","0.000066","0.000064","1.53M","0.00%"
"Dec 13, 2018","0.000066","0.000066","0.000067","0.000065","1.10M","0.00%"
"Dec 12, 2018","0.000066","0.000066","0.000067","0.000065","701.61K","1.11%"
"Dec 11, 2018","0.000066","0.000066","0.000067","0.000065","1.36M","-1.03%"
"Dec 10, 2018","0.000066","0.000065","0.000067","0.000065","1.12M","1.21%"
"Dec 09, 2018","0.000065","0.000065","0.000067","0.000065","1.63M","0.00%"
"Dec 08, 2018","0.000065","0.000068","0.000069","0.000064","1.90M","-4.36%"
"Dec 07, 2018","0.000068","0.000065","0.000070","0.000061","5.08M","4.04%"
"Dec 06, 2018","0.000065","0.000068","0.000069","0.000064","2.42M","-3.62%"
"Dec 05, 2018","0.000068","0.000070","0.000070","0.000067","2.34M","-2.65%"
"Dec 04, 2018","0.000070","0.000070","0.000071","0.000069","1.53M","0.00%"
"Dec 03, 2018","0.000070","0.000070","0.000071","0.000068","3.14M","-0.91%"
"Dec 02, 2018","0.000070","0.000070","0.000072","0.000070","1.33M","0.00%"
"Dec 01, 2018","0.000070","0.000071","0.000071","0.000070","906.97K","-0.93%"
"Nov 30, 2018","0.000071","0.000072","0.000072","0.000069","1.89M","0.00%"
"Nov 29, 2018","0.000071","0.000070","0.000072","0.000069","2.13M","1.74%"
"Nov 28, 2018","0.000070","0.000070","0.000074","0.000069","4.17M","0.00%"
"Nov 27, 2018","0.000070","0.000072","0.000072","0.000069","2.26M","-1.76%"
"Nov 26, 2018","0.000072","0.000071","0.000072","0.000068","2.60M","0.00%"
"Nov 25, 2018","0.000071","0.000072","0.000073","0.000068","3.49M","-0.88%"
"Nov 24, 2018","0.000072","0.000073","0.000074","0.000069","3.18M","-0.96%"
"Nov 23, 2018","0.000073","0.000070","0.000074","0.000069","1.87M","3.42%"
"Nov 22, 2018","0.000070","0.000071","0.000072","0.000070","1.15M","-1.65%"
"Nov 21, 2018","0.000071","0.000067","0.000073","0.000067","2.50M","7.08%"
"Nov 20, 2018","0.000067","0.000072","0.000073","0.000064","6.81M","-7.81%"
"Nov 19, 2018","0.000072","0.000073","0.000073","0.000068","4.06M","-0.74%"
"Nov 18, 2018","0.000073","0.000073","0.000074","0.000073","614.52K","0.00%"
"Nov 17, 2018","0.000073","0.000073","0.000075","0.000072","576.54K","0.00%"
"Nov 16, 2018","0.000073","0.000074","0.000075","0.000073","778.74K","-1.01%"
"Nov 15, 2018","0.000074","0.000075","0.000075","0.000070","4.84M","0.00%"
"Nov 14, 2018","0.000075","0.000077","0.000078","0.000058","6.47M","-3.75%"
"Nov 13, 2018","0.000078","0.000078","0.000079","0.000076","1.44M","0.00%"
"Nov 12, 2018","0.000078","0.000076","0.000079","0.000075","1.66M","2.79%"
"Nov 11, 2018","0.000076","0.000076","0.000076","0.000075","269.54K","0.00%"
"Nov 10, 2018","0.000076","0.000074","0.000077","0.000074","675.62K","1.54%"
"Nov 09, 2018","0.000074","0.000075","0.000076","0.000074","751.28K","0.00%"
"Nov 08, 2018","0.000075","0.000077","0.000077","0.000074","1.99M","-3.10%"
"Nov 07, 2018","0.000077","0.000080","0.000080","0.000076","1.86M","-3.22%"
"Nov 06, 2018","0.000080","0.000079","0.000080","0.000078","1.36M","1.55%"
"Nov 05, 2018","0.000078","0.000077","0.000078","0.000077","823.28K","1.36%"
"Nov 04, 2018","0.000077","0.000075","0.000079","0.000074","1.49M","3.23%"
"Nov 03, 2018","0.000075","0.000076","0.000076","0.000074","331.36K","-0.95%"
"Nov 02, 2018","0.000076","0.000074","0.000077","0.000074","1.44M","1.90%"
"Nov 01, 2018","0.000074","0.000074","0.000075","0.000073","927.82K","0.90%"
"Oct 31, 2018","0.000074","0.000072","0.000074","0.000070","953.65K","2.82%"
"Oct 30, 2018","0.000072","0.000071","0.000073","0.000071","508.90K","1.03%"
"Oct 29, 2018","0.000071","0.000074","0.000074","0.000071","923.78K","-4.59%"
"Oct 28, 2018","0.000074","0.000074","0.000074","0.000073","510.51K","0.80%"
"Oct 27, 2018","0.000074","0.000076","0.000076","0.000073","580.60K","-2.43%"
"Oct 26, 2018","0.000076","0.000077","0.000077","0.000075","674.29K","-1.23%"
"Oct 25, 2018","0.000077","0.000076","0.000077","0.000075","961.45K","1.14%"
"Oct 24, 2018","0.000076","0.000076","0.000077","0.000075","378.78K","-0.79%"
"Oct 23, 2018","0.000076","0.000076","0.000077","0.000075","498.87K","0.66%"
"Oct 22, 2018","0.000076","0.000076","0.000076","0.000075","620.25K","0.00%"
"Oct 21, 2018","0.000076","0.000077","0.000077","0.000076","490.10K","-0.85%"
"Oct 20, 2018","0.000077","0.000076","0.000078","0.000076","809.57K","1.08%"
"Oct 19, 2018","0.000076","0.000076","0.000077","0.000075","658.55K","0.00%"
"Oct 18, 2018","0.000076","0.000078","0.000079","0.000075","743.58K","-2.33%"
"Oct 17, 2018","0.000078","0.000076","0.000079","0.000075","668.91K","2.13%"
"Oct 16, 2018","0.000076","0.000076","0.000077","0.000075","491.04K","0.00%"
"Oct 15, 2018","0.000076","0.000077","0.000080","0.000072","4.09M","-1.71%"
"Oct 14, 2018","0.000077","0.000078","0.000080","0.000077","793.13K","-0.79%"
"Oct 13, 2018","0.000078","0.000078","0.000080","0.000078","1.06M","0.00%"
"Oct 12, 2018","0.000078","0.000077","0.000081","0.000077","1.17M","1.68%"
"Oct 11, 2018","0.000077","0.000089","0.000089","0.000077","5.61M","-13.44%"
"Oct 10, 2018","0.000089","0.000089","0.000090","0.000087","875.96K","0.00%"
"Oct 09, 2018","0.000089","0.000090","0.000091","0.000088","959.36K","-1.78%"
"Oct 08, 2018","0.000090","0.000087","0.000091","0.000087","1.48M","3.83%"
"Oct 07, 2018","0.000087","0.000086","0.000087","0.000085","1.15M","1.52%"
"Oct 06, 2018","0.000086","0.000087","0.000088","0.000085","682.34K","-1.88%"
"Oct 05, 2018","0.000087","0.000084","0.000087","0.000084","942.64K","3.47%"
"Oct 04, 2018","0.000084","0.000085","0.000087","0.000084","1.01M","-0.65%"
"Oct 03, 2018","0.000085","0.000086","0.000086","0.000084","513.12K","-0.79%"
"Oct 02, 2018","0.000086","0.000085","0.000087","0.000085","623.09K","0.85%"
"Oct 01, 2018","0.000085","0.000086","0.000087","0.000083","1.85M","-0.77%"
"Sep 30, 2018","0.000086","0.000085","0.000086","0.000085","463.71K","0.00%"
"Sep 29, 2018","0.000085","0.000086","0.000087","0.000085","900.14K","-0.89%"
"Sep 28, 2018","0.000086","0.000088","0.000088","0.000084","1.52M","-1.74%"
"Sep 27, 2018","0.000088","0.000085","0.000090","0.000083","1.96M","3.22%"
"Sep 26, 2018","0.000085","0.000088","0.000088","0.000085","637.08K","-3.90%"
"Sep 25, 2018","0.000088","0.000085","0.000090","0.000083","1.55M","4.18%"
"Sep 24, 2018","0.000085","0.000091","0.000091","0.000080","7.40M","-7.06%"
"Sep 23, 2018","0.000091","0.000091","0.000094","0.000089","1.28M","0.74%"
"Sep 22, 2018","0.000091","0.000094","0.000095","0.000086","2.11M","-2.67%"
"Sep 21, 2018","0.000093","0.000087","0.000093","0.000085","2.56M","7.01%"
"Sep 20, 2018","0.000087","0.000083","0.000088","0.000082","1.80M","4.75%"
"Sep 19, 2018","0.000083","0.000084","0.000086","0.000082","1.54M","-1.44%"
"Sep 18, 2018","0.000084","0.000085","0.000087","0.000080","2.82M","-1.22%"
"Sep 17, 2018","0.000085","0.000089","0.000090","0.000085","1.29M","-4.50%"
"Sep 16, 2018","0.000089","0.000087","0.000090","0.000086","733.75K","2.32%"
"Sep 15, 2018","0.000087","0.000088","0.000090","0.000087","882.16K","-1.01%"
"Sep 14, 2018","0.000088","0.000089","0.000093","0.000086","1.10M","0.00%"
"Sep 13, 2018","0.000088","0.000087","0.000092","0.000086","1.41M","2.02%"
"Sep 12, 2018","0.000087","0.000086","0.000088","0.000081","2.06M","0.00%"
"Sep 11, 2018","0.000086","0.000091","0.000092","0.000085","1.63M","-4.04%"
"Sep 10, 2018","0.000090","0.000089","0.000095","0.000089","1.22M","1.12%"
"Sep 09, 2018","0.000089","0.000086","0.000091","0.000083","1.17M","3.54%"
"Sep 08, 2018","0.000086","0.000088","0.000091","0.000084","1.41M","-3.03%"
"Sep 07, 2018","0.000089","0.000092","0.000095","0.000087","1.43M","-4.05%"
"Sep 06, 2018","0.000092","0.000087","0.000093","0.000083","3.47M","7.31%"
"Sep 05, 2018","0.000086","0.000095","0.000097","0.000084","4.17M","-9.64%"
"Sep 04, 2018","0.000095","0.000096","0.000101","0.000095","1.35M","-0.96%"
"Sep 03, 2018","0.000096","0.000100","0.000100","0.000095","1.87M","-1.93%"
"Sep 02, 2018","0.000098","0.000103","0.000103","0.000097","1.70M","-4.97%"
"Sep 01, 2018","0.000103","0.000101","0.000107","0.000101","1.57M","1.91%"
"Aug 31, 2018","0.000101","0.000103","0.000105","0.000099","2.12M","-1.58%"
"Aug 30, 2018","0.000103","0.000103","0.000104","0.000097","3.50M","-1.49%"
"Aug 29, 2018","0.000104","0.000108","0.000114","0.000103","3.53M","-3.79%"
"Aug 28, 2018","0.000108","0.000097","0.000111","0.000095","6.58M","11.24%"
"Aug 27, 2018","0.000098","0.000084","0.000100","0.000084","9.20M","15.58%"
"Aug 26, 2018","0.000084","0.000080","0.000086","0.000078","1.82M","5.02%"
"Aug 25, 2018","0.000080","0.000078","0.000081","0.000078","1.47M","3.46%"
"Aug 24, 2018","0.000078","0.000078","0.000079","0.000076","1.51M","0.00%"
"Aug 23, 2018","0.000078","0.000075","0.000079","0.000075","1.58M","3.08%"
"Aug 22, 2018","0.000075","0.000080","0.000082","0.000073","3.95M","-5.47%"
"Aug 21, 2018","0.000080","0.000079","0.000083","0.000078","2.52M","0.00%"
"Aug 20, 2018","0.000079","0.000083","0.000084","0.000079","2.70M","-3.96%"
"Aug 19, 2018","0.000083","0.000078","0.000088","0.000076","3.24M","6.20%"
"Aug 18, 2018","0.000078","0.000085","0.000087","0.000074","3.25M","-8.07%"
"Aug 17, 2018","0.000085","0.000074","0.000086","0.000074","3.83M","14.74%"
"Aug 16, 2018","0.000074","0.000070","0.000074","0.000069","2.47M","4.38%"
"Aug 15, 2018","0.000071","0.000073","0.000078","0.000070","4.58M","-2.62%"
"Aug 14, 2018","0.000073","0.000073","0.000074","0.000068","5.37M","-1.29%"
"Aug 13, 2018","0.000073","0.000085","0.000086","0.000073","4.77M","-14.09%"
"Aug 12, 2018","0.000086","0.000083","0.000088","0.000083","1.63M","2.88%"
"Aug 11, 2018","0.000083","0.000093","0.000094","0.000082","7.91M","-10.65%"
"Aug 10, 2018","0.000093","0.000098","0.000099","0.000088","4.64M","-4.61%"
"Aug 09, 2018","0.000098","0.000098","0.000103","0.000096","2.11M","0.00%"
"Aug 08, 2018","0.000098","0.000107","0.000107","0.000095","7.49M","-8.68%"
"Aug 07, 2018","0.000107","0.000113","0.000116","0.000098","12.66M","-4.97%"
"Aug 06, 2018","0.000113","0.000129","0.000131","0.000110","4.57M","-13.03%"
"Aug 05, 2018","0.000129","0.000121","0.000146","0.000121","4.73M","6.84%"
"Aug 04, 2018","0.000121","0.000129","0.000132","0.000117","2.88M","-6.35%"
"Aug 03, 2018","0.000129","0.000117","0.000130","0.000106","9.48M","10.18%"
"Aug 02, 2018","0.000117","0.000122","0.000122","0.000117","1.11M","-3.54%"
"Aug 01, 2018","0.000122","0.000122","0.000124","0.000120","776.01K","0.00%"
"Jul 31, 2018","0.000122","0.000119","0.000122","0.000118","1.01M","1.82%"
"Jul 30, 2018","0.000119","0.000123","0.000124","0.000119","1.13M","-2.67%"
"Jul 29, 2018","0.000123","0.000125","0.000125","0.000122","220.89K","-1.64%"
"Jul 28, 2018","0.000125","0.000124","0.000126","0.000122","495.19K","0.52%"
"Jul 27, 2018","0.000124","0.000128","0.000132","0.000122","1.20M","-3.36%"
"Jul 26, 2018","0.000128","0.000121","0.000130","0.000120","2.01M","6.58%"
"Jul 25, 2018","0.000121","0.000117","0.000122","0.000117","1.09M","2.83%"
"Jul 24, 2018","0.000117","0.000120","0.000123","0.000115","2.47M","-2.71%"
"Jul 23, 2018","0.000120","0.000132","0.000133","0.000120","2.57M","-8.49%"
"Jul 22, 2018","0.000132","0.000135","0.000135","0.000130","963.56K","-2.56%"
"Jul 21, 2018","0.000135","0.000131","0.000137","0.000130","840.48K","3.15%"
"Jul 20, 2018","0.000131","0.000139","0.000139","0.000130","2.43M","-6.07%"
"Jul 19, 2018","0.000139","0.000147","0.000147","0.000139","1.80M","-5.45%"
"Jul 18, 2018","0.000147","0.000155","0.000157","0.000147","3.33M","-4.67%"
"Jul 17, 2018","0.000155","0.000162","0.000165","0.000153","2.14M","-4.72%"
"Jul 16, 2018","0.000162","0.000157","0.000166","0.000156","1.43M","3.11%"
"Jul 15, 2018","0.000157","0.000156","0.000159","0.000155","341.81K","0.65%"
"Jul 14, 2018","0.000156","0.000155","0.000157","0.000154","239.27K","1.12%"
"Jul 13, 2018","0.000155","0.000155","0.000160","0.000154","470.00K","0.00%"
"Jul 12, 2018","0.000155","0.000157","0.000158","0.000153","1.14M","-1.48%"
"Jul 11, 2018","0.000157","0.000152","0.000158","0.000150","1.25M","3.55%"
"Jul 10, 2018","0.000152","0.000156","0.000156","0.000150","1.70M","-2.41%"
"Jul 09, 2018","0.000155","0.000161","0.000162","0.000155","803.23K","-3.72%"
"Jul 08, 2018","0.000161","0.000163","0.000168","0.000160","1.01M","-0.87%"
"Jul 07, 2018","0.000163","0.000159","0.000165","0.000158","795.15K","2.09%"
"Jul 06, 2018","0.000159","0.000177","0.000177","0.000157","2.06M","-9.72%"
"Jul 05, 2018","0.000177","0.000185","0.000185","0.000171","1.75M","-4.41%"
"Jul 04, 2018","0.000185","0.000176","0.000187","0.000171","2.21M","4.94%"
"Jul 03, 2018","0.000176","0.000177","0.000185","0.000173","1.95M","-0.78%"
"Jul 02, 2018","0.000177","0.000168","0.000179","0.000164","1.73M","5.32%"
"Jul 01, 2018","0.000168","0.000158","0.000168","0.000156","1.16M","6.79%"
"Jun 30, 2018","0.000158","0.000155","0.000160","0.000155","989.92K","1.66%"
"Jun 29, 2018","0.000155","0.000157","0.000159","0.000152","2.09M","-1.01%"
"Jun 28, 2018","0.000157","0.000161","0.000163","0.000155","1.77M","-2.73%"
"Jun 27, 2018","0.000161","0.000154","0.000164","0.000153","1.44M","4.36%"
"Jun 26, 2018","0.000154","0.000163","0.000164","0.000153","1.60M","-5.11%"
"Jun 25, 2018","0.000163","0.000159","0.000168","0.000156","1.84M","2.43%"
"Jun 24, 2018","0.000159","0.000169","0.000169","0.000154","2.60M","-5.74%"
"Jun 23, 2018","0.000169","0.000161","0.000171","0.000160","1.45M","4.91%"
"Jun 22, 2018","0.000161","0.000173","0.000174","0.000157","3.95M","-6.90%"
"Jun 21, 2018","0.000173","0.000172","0.000174","0.000170","643.84K","0.00%"
"Jun 20, 2018","0.000172","0.000175","0.000175","0.000169","1.63M","-1.26%"
"Jun 19, 2018","0.000175","0.000176","0.000184","0.000173","4.41M","-0.58%"
"Jun 18, 2018","0.000176","0.000181","0.000182","0.000169","4.27M","-2.55%"
"Jun 17, 2018","0.000180","0.000184","0.000186","0.000179","2.70M","-1.96%"
"Jun 16, 2018","0.000184","0.000185","0.000189","0.000182","1.34M","-0.54%"
"Jun 15, 2018","0.000185","0.000192","0.000197","0.000182","1.76M","-3.67%"
"Jun 14, 2018","0.000192","0.000191","0.000202","0.000186","3.16M","0.66%"
"Jun 13, 2018","0.000191","0.000192","0.000196","0.000181","4.07M","-0.52%"
"Jun 12, 2018","0.000192","0.000211","0.000211","0.000188","2.60M","-9.12%"
"Jun 11, 2018","0.000211","0.000204","0.000213","0.000198","1.45M","3.49%"
"Jun 10, 2018","0.000204","0.000220","0.000220","0.000195","6.44M","-7.21%"
"Jun 09, 2018","0.000220","0.000224","0.000228","0.000218","1.09M","-2.02%"
"Jun 08, 2018","0.000224","0.000220","0.000226","0.000218","454.15K","2.03%"
"Jun 07, 2018","0.000220","0.000222","0.000227","0.000219","919.30K","-0.97%"
"Jun 06, 2018","0.000222","0.000229","0.000231","0.000218","1.46M","-3.36%"
"Jun 05, 2018","0.000229","0.000230","0.000234","0.000225","1.06M","0.00%"
"Jun 04, 2018","0.000230","0.000235","0.000239","0.000224","1.60M","-2.09%"
"Jun 03, 2018","0.000235","0.000248","0.000260","0.000230","3.97M","-5.42%"
"Jun 02, 2018","0.000248","0.000255","0.000259","0.000244","1.65M","-2.95%"
"Jun 01, 2018","0.000255","0.000235","0.000259","0.000229","3.86M","8.63%"
"May 31, 2018","0.000235","0.000213","0.000239","0.000212","3.80M","10.63%"
"May 30, 2018","0.000213","0.000213","0.000220","0.000207","1.91M","0.00%"
"May 29, 2018","0.000213","0.000190","0.000223","0.000188","4.83M","12.38%"
"May 28, 2018","0.000190","0.000198","0.000199","0.000189","1.05M","-4.32%"
"May 27, 2018","0.000198","0.000201","0.000202","0.000194","1.14M","-1.30%"
"May 26, 2018","0.000201","0.000200","0.000205","0.000197","707.16K","0.59%"
"May 25, 2018","0.000200","0.000203","0.000207","0.000195","1.13M","-1.56%"
"May 24, 2018","0.000203","0.000195","0.000204","0.000190","3.15M","3.80%"
"May 23, 2018","0.000195","0.000204","0.000206","0.000184","3.03M","-4.33%"
"May 22, 2018","0.000204","0.000205","0.000213","0.000202","1.19M","-0.59%"
"May 21, 2018","0.000205","0.000214","0.000217","0.000204","1.19M","-3.92%"
"May 20, 2018","0.000214","0.000212","0.000217","0.000211","476.50K","0.63%"
"May 19, 2018","0.000212","0.000213","0.000218","0.000209","845.68K","-0.24%"
"May 18, 2018","0.000213","0.000212","0.000218","0.000207","1.43M","0.42%"
"May 17, 2018","0.000212","0.000227","0.000235","0.000209","2.20M","-6.93%"
"May 16, 2018","0.000228","0.000235","0.000235","0.000220","2.12M","-3.25%"
"May 15, 2018","0.000235","0.000222","0.000239","0.000220","2.89M","5.98%"
"May 14, 2018","0.000222","0.000229","0.000231","0.000217","1.99M","-3.09%"
"May 13, 2018","0.000229","0.000223","0.000232","0.000217","1.30M","2.99%"
"May 12, 2018","0.000223","0.000218","0.000228","0.000207","2.02M","1.97%"
"May 11, 2018","0.000218","0.000237","0.000239","0.000207","5.05M","-8.00%"
"May 10, 2018","0.000237","0.000246","0.000248","0.000236","2.09M","-3.68%"
"May 09, 2018","0.000246","0.000265","0.000266","0.000246","1.80M","-7.19%"
"May 08, 2018","0.000265","0.000240","0.000276","0.000239","6.41M","10.54%"
"May 07, 2018","0.000240","0.000238","0.000244","0.000225","2.23M","0.69%"
"May 06, 2018","0.000238","0.000242","0.000254","0.000232","2.32M","-1.65%"
"May 05, 2018","0.000242","0.000253","0.000253","0.000232","2.10M","-4.08%"
"May 04, 2018","0.000253","0.000265","0.000269","0.000242","2.87M","-4.65%"
"May 03, 2018","0.000265","0.000244","0.000283","0.000240","9.49M","9.11%"
"May 02, 2018","0.000243","0.000218","0.000255","0.000215","4.10M","11.24%"
"May 01, 2018","0.000218","0.000212","0.000219","0.000202","1.44M","3.18%"
"Apr 30, 2018","0.000212","0.000217","0.000217","0.000209","1.61M","-2.44%"
"Apr 29, 2018","0.000217","0.000217","0.000223","0.000209","2.33M","0.00%"
"Apr 28, 2018","0.000217","0.000212","0.000224","0.000211","2.68M","2.27%"
"Apr 27, 2018","0.000212","0.000220","0.000224","0.000209","2.17M","-3.69%"
"Apr 26, 2018","0.000220","0.000202","0.000223","0.000197","1.91M","8.64%"
"Apr 25, 2018","0.000202","0.000221","0.000221","0.000192","7.07M","-8.31%"
"Apr 24, 2018","0.000221","0.000238","0.000242","0.000220","3.73M","-7.23%"
"Apr 23, 2018","0.000238","0.000228","0.000238","0.000226","3.19M","4.48%"
"Apr 22, 2018","0.000228","0.000216","0.000235","0.000213","2.51M","5.54%"
"Apr 21, 2018","0.000216","0.000223","0.000224","0.000208","2.56M","-3.34%"
"Apr 20, 2018","0.000223","0.000214","0.000235","0.000212","4.28M","4.53%"
"Apr 19, 2018","0.000214","0.000207","0.000215","0.000201","2.07M","2.91%"
"Apr 18, 2018","0.000207","0.000197","0.000209","0.000197","2.94M","5.46%"
"Apr 17, 2018","0.000197","0.000201","0.000205","0.000195","1.99M","-2.29%"
"Apr 16, 2018","0.000201","0.000200","0.000203","0.000190","3.01M","0.69%"
"Apr 15, 2018","0.000200","0.000181","0.000204","0.000180","5.85M","10.63%"
"Apr 14, 2018","0.000181","0.000167","0.000182","0.000165","1.99M","8.00%"
"Apr 13, 2018","0.000167","0.000170","0.000185","0.000164","5.74M","-1.52%"
"Apr 12, 2018","0.000170","0.000154","0.000179","0.000152","3.90M","10.38%"
"Apr 11, 2018","0.000154","0.000148","0.000154","0.000146","835.65K","4.16%"
"Apr 10, 2018","0.000148","0.000146","0.000149","0.000144","785.78K","1.75%"
"Apr 09, 2018","0.000145","0.000146","0.000149","0.000144","1.39M","-0.34%"
"Apr 08, 2018","0.000146","0.000142","0.000149","0.000141","777.57K","2.61%"
"Apr 07, 2018","0.000142","0.000141","0.000145","0.000140","737.00K","0.77%"
"Apr 06, 2018","0.000141","0.000144","0.000147","0.000140","1.02M","-2.19%"
"Apr 05, 2018","0.000144","0.000145","0.000146","0.000140","1.88M","-0.38%"
"Apr 04, 2018","0.000145","0.000149","0.000150","0.000141","1.65M","-3.14%"
"Apr 03, 2018","0.000149","0.000147","0.000150","0.000143","1.49M","2.65%"
"Apr 02, 2018","0.000146","0.000145","0.000150","0.000144","1.70M","0.00%"
"Apr 01, 2018","0.000145","0.000155","0.000158","0.000142","2.66M","-6.18%"
"Mar 31, 2018","0.000155","0.000162","0.000163","0.000153","1.08M","-4.29%"
"Mar 30, 2018","0.000162","0.000153","0.000164","0.000153","2.24M","5.72%"
"Mar 29, 2018","0.000153","0.000148","0.000156","0.000145","1.77M","3.19%"
"Mar 28, 2018","0.000148","0.000151","0.000154","0.000148","747.54K","-1.32%"
"Mar 27, 2018","0.000150","0.000151","0.000154","0.000146","1.04M","-0.62%"
"Mar 26, 2018","0.000151","0.000157","0.000157","0.000149","1.26M","-3.46%"
"Mar 25, 2018","0.000157","0.000154","0.000160","0.000151","1.73M","1.75%"
"Mar 24, 2018","0.000154","0.000153","0.000158","0.000151","1.07M","0.88%"
"Mar 23, 2018","0.000153","0.000152","0.000154","0.000149","985.67K","0.75%"
"Mar 22, 2018","0.000152","0.000155","0.000158","0.000148","1.48M","-2.16%"
"Mar 21, 2018","0.000155","0.000163","0.000166","0.000152","3.92M","-4.91%"
"Mar 20, 2018","0.000163","0.000154","0.000169","0.000152","3.68M","5.63%"
"Mar 19, 2018","0.000154","0.000149","0.000157","0.000144","2.42M","3.27%"
"Mar 18, 2018","0.000149","0.000144","0.000170","0.000141","6.87M","3.38%"
"Mar 17, 2018","0.000144","0.000131","0.000145","0.000131","2.79M","9.87%"
"Mar 16, 2018","0.000131","0.000132","0.000138","0.000128","1.86M","0.00%"
"Mar 15, 2018","0.000132","0.000136","0.000140","0.000129","2.84M","-3.13%"
"Mar 14, 2018","0.000136","0.000143","0.000148","0.000134","3.55M","-4.71%"
"Mar 13, 2018","0.000143","0.000146","0.000146","0.000141","955.23K","-2.42%"
"Mar 12, 2018","0.000146","0.000144","0.000146","0.000139","1.71M","1.14%"
"Mar 11, 2018","0.000144","0.000148","0.000153","0.000144","1.46M","-2.38%"
"Mar 10, 2018","0.000148","0.000150","0.000156","0.000144","1.79M","-1.29%"
"Mar 09, 2018","0.000150","0.000147","0.000151","0.000139","4.14M","1.72%"
"Mar 08, 2018","0.000147","0.000155","0.000155","0.000147","2.28M","-4.92%"
"Mar 07, 2018","0.000155","0.000157","0.000160","0.000138","5.05M","-2.03%"
"Mar 06, 2018","0.000158","0.000163","0.000168","0.000150","5.26M","-3.24%"
"Mar 05, 2018","0.000163","0.000164","0.000165","0.000158","897.16K","-0.41%"
"Mar 04, 2018","0.000164","0.000162","0.000171","0.000161","2.01M","1.03%"
"Mar 03, 2018","0.000162","0.000174","0.000174","0.000161","1.27M","-6.62%"
"Mar 02, 2018","0.000174","0.000181","0.000182","0.000170","1.08M","-3.21%"
"Mar 01, 2018","0.000180","0.000179","0.000190","0.000178","2.70M","0.44%"
"Feb 28, 2018","0.000179","0.000185","0.000187","0.000178","1.58M","-2.45%"
"Feb 27, 2018","0.000184","0.000180","0.000195","0.000176","2.70M","1.94%"
"Feb 26, 2018","0.000180","0.000188","0.000191","0.000179","2.22M","-4.06%"
"Feb 25, 2018","0.000188","0.000180","0.000200","0.000179","3.94M","4.23%"
"Feb 24, 2018","0.000180","0.000170","0.000180","0.000165","2.15M","6.09%"
"Feb 23, 2018","0.000170","0.000163","0.000174","0.000161","1.63M","4.22%"
"Feb 22, 2018","0.000163","0.000164","0.000170","0.000156","4.98M","-0.74%"
"Feb 21, 2018","0.000164","0.000168","0.000174","0.000163","3.63M","-2.46%"
"Feb 20, 2018","0.000168","0.000186","0.000186","0.000162","3.99M","-9.61%"
"Feb 19, 2018","0.000186","0.000188","0.000196","0.000185","1.14M","-1.12%"
"Feb 18, 2018","0.000188","0.000198","0.000200","0.000186","2.23M","-5.20%"
"Feb 17, 2018","0.000198","0.000206","0.000208","0.000198","1.61M","-3.72%"
"Feb 16, 2018","0.000206","0.000210","0.000213","0.000202","1.97M","-1.79%"
"Feb 15, 2018","0.000210","0.000215","0.000220","0.000206","2.84M","-2.44%"
"Feb 14, 2018","0.000215","0.000213","0.000215","0.000208","2.65M","0.82%"
"Feb 13, 2018","0.000213","0.000210","0.000214","0.000204","1.25M","1.48%"
"Feb 12, 2018","0.000210","0.000207","0.000216","0.000206","1.44M","1.55%"
"Feb 11, 2018","0.000207","0.000214","0.000214","0.000202","2.95M","-3.37%"
"Feb 10, 2018","0.000214","0.000222","0.000236","0.000212","3.30M","-3.66%"
"Feb 09, 2018","0.000222","0.000214","0.000228","0.000212","2.54M","4.11%"
"Feb 08, 2018","0.000214","0.000209","0.000220","0.000206","3.01M","1.96%"
"Feb 07, 2018","0.000209","0.000208","0.000221","0.000204","3.91M","0.96%"
"Feb 06, 2018","0.000208","0.000207","0.000220","0.000193","6.64M","0.00%"
"Feb 05, 2018","0.000207","0.000211","0.000214","0.000196","4.57M","-1.69%"
"Feb 04, 2018","0.000211","0.000217","0.000224","0.000205","3.38M","-2.93%"
"Feb 03, 2018","0.000217","0.000204","0.000219","0.000197","2.84M","6.77%"
"Feb 02, 2018","0.000204","0.000207","0.000212","0.000179","6.71M","-1.50%"
"Feb 01, 2018","0.000207","0.000224","0.000228","0.000190","7.63M","-7.71%"
"Jan 31, 2018","0.000224","0.000218","0.000229","0.000217","2.05M","2.75%"
"Jan 30, 2018","0.000218","0.000228","0.000236","0.000216","4.55M","-4.44%"
"Jan 29, 2018","0.000228","0.000211","0.000229","0.000210","2.81M","7.98%"
"Jan 28, 2018","0.000211","0.000214","0.000216","0.000208","2.82M","-1.28%"
"Jan 27, 2018","0.000214","0.000213","0.000220","0.000212","1.84M","0.64%"
"Jan 26, 2018","0.000213","0.000211","0.000215","0.000207","1.99M","0.68%"
"Jan 25, 2018","0.000211","0.000215","0.000225","0.000210","2.22M","-1.92%"
"Jan 24, 2018","0.000215","0.000231","0.000233","0.000211","2.94M","-6.78%"
"Jan 23, 2018","0.000231","0.000228","0.000236","0.000222","2.48M","1.30%"
"Jan 22, 2018","0.000228","0.000241","0.000247","0.000211","6.02M","-5.50%"
"Jan 21, 2018","0.000241","0.000235","0.000243","0.000228","2.81M","2.87%"
"Jan 20, 2018","0.000235","0.000233","0.000249","0.000228","4.18M","0.71%"
"Jan 19, 2018","0.000233","0.000246","0.000255","0.000215","4.63M","-5.29%"
"Jan 18, 2018","0.000246","0.000244","0.000258","0.000241","3.98M","0.38%"
"Jan 17, 2018","0.000245","0.000231","0.000255","0.000210","8.43M","5.97%"
"Jan 16, 2018","0.000231","0.000256","0.000260","0.000191","9.66M","-9.61%"
"Jan 15, 2018","0.000256","0.000273","0.000276","0.000252","3.13M","-6.46%"
"Jan 14, 2018","0.000273","0.000275","0.000283","0.000265","3.39M","-0.44%"
"Jan 13, 2018","0.000275","0.000264","0.000285","0.000262","4.28M","3.99%"
"Jan 12, 2018","0.000264","0.000252","0.000267","0.000245","2.67M","4.56%"
"Jan 11, 2018","0.000253","0.000252","0.000263","0.000233","5.20M","0.51%"
"Jan 10, 2018","0.000251","0.000245","0.000259","0.000231","4.87M","2.70%"
"Jan 09, 2018","0.000245","0.000255","0.000259","0.000238","3.59M","-3.89%"
"Jan 08, 2018","0.000255","0.000251","0.000266","0.000227","5.57M","1.47%"
"Jan 07, 2018","0.000251","0.000232","0.000276","0.000232","5.47M","8.15%"
"Jan 06, 2018","0.000232","0.000222","0.000254","0.000222","4.08M","4.50%"
"Jan 05, 2018","0.000222","0.000271","0.000278","0.000217","6.89M","-18.08%"
"Jan 04, 2018","0.000271","0.000273","0.000304","0.000256","9.76M","-0.73%"
"Jan 03, 2018","0.000273","0.000271","0.000283","0.000260","4.30M","0.74%"
"Jan 02, 2018","0.000271","0.000293","0.000318","0.000260","8.14M","-7.45%"
"Jan 01, 2018","0.000293","0.000255","0.000311","0.000255","6.27M","14.82%"
"Dec 31, 2017","0.000255","0.000262","0.000280","0.000252","4.73M","-2.75%"
"Dec 30, 2017","0.000262","0.000257","0.000265","0.000244","8.29M","2.22%"
"Dec 29, 2017","0.000257","0.000255","0.000262","0.000247","4.30M","0.71%"
"Dec 28, 2017","0.000255","0.000240","0.000260","0.000232","5.78M","6.04%"
"Dec 27, 2017","0.000240","0.000241","0.000268","0.000233","8.48M","-0.37%"
"Dec 26, 2017","0.000241","0.000254","0.000258","0.000226","5.76M","-4.89%"
"Dec 25, 2017","0.000254","0.000253","0.000270","0.000246","4.65M","0.24%"
"Dec 24, 2017","0.000253","0.000255","0.000268","0.000232","7.89M","-0.67%"
"Dec 23, 2017","0.000255","0.000256","0.000283","0.000246","8.47M","-0.59%"
"Dec 22, 2017","0.000256","0.000303","0.000312","0.000185","32.19M","-15.48%"
"Dec 21, 2017","0.000303","0.000297","0.000320","0.000286","10.30M","2.02%"
"Dec 20, 2017","0.000297","0.000307","0.000323","0.000280","13.30M","-3.16%"
"Dec 19, 2017","0.000307","0.000219","0.000329","0.000208","28.05M","39.73%"
"Dec 18, 2017","0.000219","0.000198","0.000234","0.000192","13.53M","10.64%"
"Dec 17, 2017","0.000198","0.000186","0.000220","0.000175","13.21M","6.44%"
"Dec 16, 2017","0.000186","0.000223","0.000231","0.000178","12.15M","-16.26%"
"Dec 15, 2017","0.000223","0.000225","0.000242","0.000188","15.70M","-1.24%"
"Dec 14, 2017","0.000225","0.000251","0.000265","0.000200","21.84M","-10.16%"
"Dec 13, 2017","0.000251","0.000278","0.000279","0.000229","13.66M","-9.88%"
"Dec 12, 2017","0.000278","0.000253","0.000300","0.000244","14.71M","10.04%"
"Dec 11, 2017","0.000253","0.000271","0.000280","0.000243","13.82M","-6.26%"
"Dec 10, 2017","0.000270","0.000308","0.000310","0.000253","15.84M","-12.40%"
"Dec 09, 2017","0.000308","0.000312","0.000335","0.000292","17.47M","-1.25%"
"Dec 08, 2017","0.000312","0.000240","0.000312","0.000223","31.14M","30.00%"
"Dec 07, 2017","0.000240","0.000320","0.000331","0.000206","43.49M","-25.05%"
"Dec 06, 2017","0.000320","0.000324","0.000448","0.000283","49.33M","-1.17%"
"Dec 05, 2017","0.000324","0.000229","0.000343","0.000180","35.08M","41.42%"
"Dec 04, 2017","0.000229","0.000164","0.000262","0.000164","21.90M","39.70%"
"Dec 03, 2017","0.000164","0.000133","0.000170","0.000129","13.44M","23.77%"
"Dec 02, 2017","0.000133","0.000133","0.000133","0.000122","6.37M","-0.45%"
"Dec 01, 2017","0.000133","0.000132","0.000139","0.000129","8.79M","0.53%"
"Nov 30, 2017","0.000132","0.000128","0.000135","0.000122","12.79M","3.28%"
"Nov 29, 2017","0.000128","0.000147","0.000151","0.000118","24.27M","-12.61%"
"Nov 28, 2017","0.000147","0.000106","0.000149","0.000104","28.48M","37.88%"
"Nov 27, 2017","0.000106","0.000092","0.000114","0.000083","19.92M","15.90%"
"Nov 26, 2017","0.000092","0.000092","0.000092","0.000092","7.82M","0.00%"
"Nov 25, 2017","0.000092","0.000096","0.000099","0.000087","7.82M","-4.11%"
"Nov 24, 2017","0.000096","0.000098","0.000100","0.000071","15.43M","-2.17%"
"Nov 23, 2017","0.000098","0.000109","0.000112","0.000096","10.21M","-10.15%"
"Nov 22, 2017","0.000109","0.000110","0.000116","0.000105","10.46M","-0.73%"
"Nov 21, 2017","0.000110","0.000117","0.000119","0.000095","16.40M","-6.00%"
"Nov 20, 2017","0.000117","0.000106","0.000119","0.000106","15.10M","9.99%"
"Nov 19, 2017","0.000106","0.000105","0.000113","0.000104","11.77M","0.95%"
"Nov 18, 2017","0.000105","0.000103","0.000108","0.000099","10.77M","1.64%"
"Nov 17, 2017","0.000103","0.000105","0.000112","0.000096","20.36M","-1.43%"
"Nov 16, 2017","0.000105","0.000108","0.000115","0.000099","28.43M","-3.32%"
"Nov 15, 2017","0.000108","0.000092","0.000108","0.000089","16.51M","17.32%"
"Nov 14, 2017","0.000092","0.000091","0.000096","0.000081","10.71M","1.96%"
"Nov 13, 2017","0.000091","0.000101","0.000107","0.000087","14.80M","-9.93%"
"Nov 12, 2017","0.000101","0.000099","0.000102","0.000090","15.15M","1.86%"
"Nov 11, 2017","0.000099","0.000077","0.000099","0.000074","14.21M","29.09%"
"Nov 10, 2017","0.000077","0.000075","0.000080","0.000070","12.03M","1.84%"
"Nov 09, 2017","0.000075","0.000064","0.000083","0.000063","28.36M","17.61%"
"Nov 08, 2017","0.000064","0.000054","0.000068","0.000053","25.24M","18.45%"
"Nov 07, 2017","0.000054","0.000054","0.000056","0.000051","13.00M","0.00%"
"Nov 06, 2017","0.000054","0.000047","0.000055","0.000046","14.37M","14.05%"
"Nov 05, 2017","0.000047","0.000050","0.000050","0.000044","14.83M","-5.21%"
"Nov 04, 2017","0.000050","0.000055","0.000055","0.000049","8.25M","-9.20%"
"Nov 03, 2017","0.000055","0.000052","0.000055","0.000049","6.46M","6.34%"
"Nov 02, 2017","0.000052","0.000054","0.000056","0.000044","19.81M","-4.63%"
"Nov 01, 2017","0.000054","0.000061","0.000061","0.000054","11.93M","-10.41%"
"Oct 31, 2017","0.000061","0.000067","0.000067","0.000060","5.42M","-9.16%"
"Oct 30, 2017","0.000067","0.000065","0.000068","0.000062","5.22M","2.08%"
"Oct 29, 2017","0.000065","0.000069","0.000072","0.000061","10.20M","-5.41%"
"Oct 28, 2017","0.000069","0.000074","0.000074","0.000067","6.77M","-6.72%"
"Oct 27, 2017","0.000074","0.000071","0.000077","0.000068","4.80M","4.48%"
"Oct 26, 2017","0.000071","0.000077","0.000080","0.000069","7.66M","-8.53%"
"Oct 25, 2017","0.000077","0.000082","0.000086","0.000077","7.44M","-5.66%"
"Oct 24, 2017","0.000082","0.000066","0.000089","0.000066","29.43M","24.66%"
"Oct 23, 2017","0.000066","0.000064","0.000068","0.000059","8.89M","3.52%"
"Oct 22, 2017","0.000064","0.000065","0.000071","0.000063","6.06M","-1.59%"
"Oct 21, 2017","0.000065","0.000067","0.000068","0.000052","16.13M","-3.37%"
"Oct 20, 2017","0.000067","0.000076","0.000076","0.000064","14.38M","-12.04%"
"Oct 19, 2017","0.000076","0.000081","0.000083","0.000071","8.50M","-6.52%"
"Oct 18, 2017","0.000081","0.000083","0.000089","0.000080","7.30M","-2.58%"
"Oct 17, 2017","0.000083","0.000078","0.000090","0.000077","6.66M","6.81%"
"Oct 16, 2017","0.000078","0.000077","0.000081","0.000075","5.02M","1.28%"
"Oct 15, 2017","0.000077","0.000079","0.000080","0.000074","5.72M","-1.73%"
"Oct 14, 2017","0.000079","0.000078","0.000086","0.000076","6.52M","0.00%"
"Oct 13, 2017","0.000078","0.000076","0.000081","0.000069","14.08M","3.49%"
"Oct 12, 2017","0.000076","0.000099","0.000100","0.000073","15.89M","-24.01%"
"Oct 11, 2017","0.000099","0.000100","0.000100","0.000097","4.57M","-0.54%"
"Oct 10, 2017","0.000100","0.000098","0.000101","0.000093","5.13M","2.28%"
"Oct 09, 2017","0.000098","0.000108","0.000109","0.000090","12.11M","-9.74%"
"Oct 08, 2017","0.000108","0.000121","0.000121","0.000107","4.40M","-10.42%"
"Oct 07, 2017","0.000121","0.000115","0.000123","0.000112","4.02M","5.13%"
"Oct 06, 2017","0.000115","0.000125","0.000129","0.000112","7.49M","-8.37%"
"Oct 05, 2017","0.000125","0.000130","0.000132","0.000124","2.73M","-3.39%"
"Oct 04, 2017","0.000130","0.000131","0.000133","0.000122","3.19M","-0.46%"
"Oct 03, 2017","0.000131","0.000131","0.000132","0.000120","4.54M","-0.46%"
"Oct 02, 2017","0.000131","0.000139","0.000141","0.000129","5.56M","-5.34%"
"Oct 01, 2017","0.000139","0.000142","0.000145","0.000137","2.73M","-2.46%"
"Sep 30, 2017","0.000142","0.000141","0.000152","0.000137","6.63M","0.92%"
"Sep 29, 2017","0.000141","0.000142","0.000145","0.000135","5.49M","-0.85%"
"Sep 28, 2017","0.000142","0.000131","0.000148","0.000126","10.02M","8.24%"
"Sep 27, 2017","0.000131","0.000132","0.000135","0.000129","4.31M","-0.76%"
"Sep 26, 2017","0.000132","0.000142","0.000143","0.000128","11.79M","-6.64%"
"Sep 25, 2017","0.000142","0.000143","0.000146","0.000139","3.30M","-0.98%"
"Sep 24, 2017","0.000143","0.000143","0.000146","0.000137","3.51M","0.00%"
"Sep 23, 2017","0.000143","0.000141","0.000146","0.000139","3.54M","1.42%"
"Sep 22, 2017","0.000141","0.000139","0.000141","0.000132","2.86M","1.66%"
"Sep 21, 2017","0.000139","0.000146","0.000147","0.000130","8.05M","-5.00%"
"Sep 20, 2017","0.000146","0.000144","0.000147","0.000142","2.61M","1.39%"
"Sep 19, 2017","0.000144","0.000149","0.000151","0.000143","3.59M","-3.16%"
"Sep 18, 2017","0.000149","0.000135","0.000155","0.000134","7.12M","9.74%"
"Sep 17, 2017","0.000135","0.000131","0.000136","0.000129","3.50M","3.36%"
"Sep 16, 2017","0.000131","0.000131","0.000134","0.000127","3.75M","0.00%"
"Sep 15, 2017","0.000131","0.000138","0.000143","0.000122","10.65M","-5.36%"
"Sep 14, 2017","0.000138","0.000146","0.000148","0.000130","7.52M","-5.80%"
"Sep 13, 2017","0.000146","0.000143","0.000148","0.000122","10.62M","2.23%"
"Sep 12, 2017","0.000143","0.000134","0.000150","0.000134","10.41M","6.62%"
"Sep 11, 2017","0.000134","0.000118","0.000134","0.000110","13.64M","13.90%"
"Sep 10, 2017","0.000118","0.000129","0.000134","0.000111","11.76M","-8.81%"
"Sep 09, 2017","0.000129","0.000125","0.000134","0.000122","5.72M","3.27%"
"Sep 08, 2017","0.000125","0.000140","0.000144","0.000113","22.04M","-10.44%"
"Sep 07, 2017","0.000140","0.000161","0.000162","0.000133","13.39M","-13.27%"
"Sep 06, 2017","0.000161","0.000140","0.000165","0.000136","11.18M","15.21%"
"Sep 05, 2017","0.000140","0.000132","0.000148","0.000115","18.07M","6.38%"
"Sep 04, 2017","0.000132","0.000162","0.000162","0.000091","27.58M","-18.87%"
"Sep 03, 2017","0.000162","0.000152","0.000167","0.000150","10.14M","6.36%"
"Sep 02, 2017","0.000152","0.000162","0.000164","0.000129","16.27M","-5.86%"
"Sep 01, 2017","0.000162","0.000178","0.000188","0.000151","10.98M","-8.94%"
"Aug 31, 2017","0.000178","0.000190","0.000195","0.000170","5.30M","-6.12%"
"Aug 30, 2017","0.000190","0.000177","0.000195","0.000171","5.21M","7.06%"
"Aug 29, 2017","0.000177","0.000200","0.000200","0.000154","11.39M","-11.50%"
"Aug 28, 2017","0.000200","0.000213","0.000215","0.000179","11.35M","-5.97%"
"Aug 27, 2017","0.000213","0.000222","0.000225","0.000199","8.28M","-4.02%"
"Aug 26, 2017","0.000222","0.000211","0.000222","0.000202","5.31M","4.92%"
"Aug 25, 2017","0.000211","0.000207","0.000214","0.000192","5.14M","1.93%"
"Aug 24, 2017","0.000207","0.000207","0.000207","0.000189","6.96M","0.00%"
"Aug 23, 2017","0.000207","0.000207","0.000228","0.000199","12.55M","0.00%"
"Aug 22, 2017","0.000207","0.000228","0.000229","0.000199","8.87M","-9.09%"
"Aug 21, 2017","0.000228","0.000220","0.000230","0.000208","10.62M","3.55%"
"Aug 20, 2017","0.000220","0.000236","0.000248","0.000220","11.08M","-6.62%"
"Aug 19, 2017","0.000236","0.000213","0.000236","0.000195","11.35M","10.77%"
"Aug 18, 2017","0.000213","0.000237","0.000242","0.000190","18.34M","-10.30%"
"Aug 17, 2017","0.000237","0.000237","0.000247","0.000231","21.74M","0.00%"
"Aug 16, 2017","0.000237","0.000221","0.000237","0.000219","15.94M","7.57%"
"Aug 15, 2017","0.000221","0.000225","0.000231","0.000197","25.91M","-2.09%"
"Aug 14, 2017","0.000225","0.000199","0.000230","0.000195","19.80M","13.11%"
"Aug 13, 2017","0.000199","0.000187","0.000205","0.000175","17.73M","6.58%"
"Aug 12, 2017","0.000187","0.000179","0.000190","0.000169","8.95M","4.07%"
"Aug 11, 2017","0.000179","0.000166","0.000200","0.000162","25.59M","8.07%"
"Aug 10, 2017","0.000166","0.000160","0.000171","0.000153","9.41M","3.81%"
"Aug 09, 2017","0.000160","0.000160","0.000165","0.000153","7.79M","0.00%"
"Aug 08, 2017","0.000160","0.000140","0.000160","0.000136","10.95M","14.29%"
"Aug 07, 2017","0.000140","0.000135","0.000147","0.000129","11.45M","3.32%"
"Aug 06, 2017","0.000135","0.000125","0.000136","0.000120","5.05M","8.49%"
"Aug 05, 2017","0.000125","0.000137","0.000137","0.000120","6.07M","-9.16%"
"Aug 04, 2017","0.000137","0.000120","0.000148","0.000119","16.78M","14.87%"
"Aug 03, 2017","0.000120","0.000106","0.000124","0.000105","7.19M","12.92%"
"Aug 02, 2017","0.000106","0.000106","0.000109","0.000100","4.33M","0.00%"
"Aug 01, 2017","0.000106","0.000089","0.000109","0.000088","7.47M","19.02%"
"Jul 31, 2017","0.000089","0.000093","0.000096","0.000085","5.01M","-3.69%"
"Jul 30, 2017","0.000093","0.000101","0.000105","0.000092","4.47M","-8.36%"
"Jul 29, 2017","0.000101","0.000096","0.000102","0.000091","3.31M","5.83%"
"Jul 28, 2017","0.000096","0.000103","0.000103","0.000094","6.09M","-6.89%"
"Jul 27, 2017","0.000103","0.000109","0.000111","0.000100","4.65M","-5.69%"
"Jul 26, 2017","0.000109","0.000098","0.000112","0.000096","7.46M","11.24%"
"Jul 25, 2017","0.000098","0.000096","0.000099","0.000092","3.98M","2.07%"
"Jul 24, 2017","0.000096","0.000097","0.000099","0.000088","4.36M","-0.62%"
"Jul 23, 2017","0.000097","0.000096","0.000100","0.000092","3.47M","0.72%"
"Jul 22, 2017","0.000096","0.000099","0.000100","0.000090","5.78M","-2.90%"
"Jul 21, 2017","0.000099","0.000103","0.000110","0.000093","8.25M","-4.11%"
"Jul 20, 2017","0.000103","0.000104","0.000120","0.000097","12.54M","-1.06%"
"Jul 19, 2017","0.000104","0.000116","0.000123","0.000102","7.92M","-10.57%"
"Jul 18, 2017","0.000116","0.000118","0.000138","0.000113","11.71M","-1.69%"
"Jul 17, 2017","0.000118","0.000094","0.000135","0.000090","19.03M","25.60%"
"Jul 16, 2017","0.000094","0.000081","0.000095","0.000079","8.89M","16.96%"
"Jul 15, 2017","0.000081","0.000079","0.000083","0.000070","7.70M","2.04%"
"Jul 14, 2017","0.000079","0.000091","0.000091","0.000073","7.08M","-13.54%"
"Jul 13, 2017","0.000091","0.000096","0.000100","0.000083","7.19M","-5.03%"
"Jul 12, 2017","0.000096","0.000081","0.000099","0.000080","6.71M","18.77%"
"Jul 11, 2017","0.000081","0.000090","0.000102","0.000079","15.84M","-10.14%"
"Jul 10, 2017","0.000090","0.000122","0.000122","0.000082","10.20M","-25.99%"
"Jul 09, 2017","0.000122","0.000118","0.000125","0.000110","3.63M","2.96%"
"Jul 08, 2017","0.000118","0.000114","0.000128","0.000111","3.97M","3.41%"
"Jul 07, 2017","0.000114","0.000137","0.000139","0.000104","11.10M","-16.44%"
"Jul 06, 2017","0.000137","0.000147","0.000148","0.000123","6.60M","-6.62%"
"Jul 05, 2017","0.000147","0.000153","0.000156","0.000140","4.49M","-3.93%"
"Jul 04, 2017","0.000153","0.000148","0.000160","0.000146","4.58M","2.83%"
"Jul 03, 2017","0.000148","0.000154","0.000154","0.000144","5.08M","-3.45%"
"Jul 02, 2017","0.000154","0.000164","0.000165","0.000150","4.29M","-6.45%"
"Jul 01, 2017","0.000164","0.000164","0.000169","0.000161","2.72M","0.00%"
"Jun 30, 2017","0.000164","0.000166","0.000181","0.000161","7.68M","-0.90%"
"Jun 29, 2017","0.000166","0.000148","0.000180","0.000140","8.85M","12.03%"
"Jun 28, 2017","0.000148","0.000156","0.000158","0.000140","9.00M","-5.01%"
"Jun 27, 2017","0.000156","0.000170","0.000173","0.000150","7.98M","-8.19%"
"Jun 26, 2017","0.000170","0.000188","0.000188","0.000150","15.57M","-9.54%"
"Jun 25, 2017","0.000188","0.000201","0.000201","0.000184","6.90M","-6.67%"
"Jun 24, 2017","0.000201","0.000180","0.000236","0.000179","28.64M","11.73%"
"Jun 23, 2017","0.000180","0.000164","0.000180","0.000160","5.88M","9.63%"
"Jun 22, 2017","0.000164","0.000163","0.000169","0.000160","4.55M","0.92%"
"Jun 21, 2017","0.000163","0.000162","0.000169","0.000158","6.22M","0.00%"
"Jun 20, 2017","0.000162","0.000165","0.000165","0.000154","5.72M","-1.58%"
"Jun 19, 2017","0.000165","0.000163","0.000168","0.000153","6.72M","1.42%"
"Jun 18, 2017","0.000163","0.000167","0.000169","0.000158","4.43M","-2.87%"
"Jun 17, 2017","0.000167","0.000170","0.000177","0.000161","5.96M","-1.59%"
"Jun 16, 2017","0.000170","0.000145","0.000179","0.000130","12.20M","17.40%"
"Jun 15, 2017","0.000145","0.000216","0.000219","0.000130","21.32M","-33.09%"
"Jun 14, 2017","0.000216","0.000219","0.000221","0.000197","19.01M","-1.41%"